<pages>

<link>
<title>Books</title>
<url>Books.html</url>
</link>



<link>
<title>Books-Angst</title>
<url>booksreviews.html</url>
</link>

<link>
<title>Thoughtless</title>
<url>booksreviews.html</url>
</link>

<link>
<title>Mobile Phones</title>
<url>mobilereviews.html</url>
</link>


<link>
<title>Movies</title>
<url>Movies.html</url>
</link>

<link>
<title>Movies- Horror</title>
<url>moviereviews.html</url>
</link>

<link>
<title>The Conjuring</title>
<url>MoviesComments.php</url>
</link>

<link>
<title>Restaurants</title>
<url>Restaurants.html</url>
</link>

<link>
<title>Italian</title>
<url>restaurantreviews.html</url>
</link>


</pages>